,Unnamed: 0,id,createdtime,username,tweets
0,1,1.40928e+18,21-06-2021 22:52,durixekale3,it  monday     start before you re ready cos you can never be too ready to start
1,2,1.40926e+18,21-06-2021 21:04,doyourememberwh,little golden book eloise wilkins mother goose authentic lg book produced for chick fil
2,5,1.40924e+18,21-06-2021 19:55,childedefender,happy
3,6,1.40924e+18,21-06-2021 19:52,roar1968,greenall whitley  cap chase   yahoo
4,9,1.40915e+18,21-06-2021 13:46,analystcryto,what is the new blockchain  read  understand and invest  mtv
5,10,1.40915e+18,21-06-2021 13:46,CryptoDouce,what is the new blockchain  read  understand and invest  mtv  sushi
6,11,1.40914e+18,21-06-2021 13:34,DJ_Carly_B,who the fuck still using mail      my username was    growing up wonder what was on my mind that time
7,13,1.40913e+18,21-06-2021 12:30,intonenetworks,the clear blue sky above is something all of us want  our wants can wait but not our needs  and thinking that way empowers you to work really hard
8,14,1.40911e+18,21-06-2021 11:25,JuSomehow,if   not reincarnated as cat for my next life  will riot  being cat is like experiencing royalty and gap year at the same time  social obligations  nah  moral obligations  nah
9,15,1.40909e+18,21-06-2021 10:04,doyourememberwh,aerospace research laboratories research on analysis of variance and related topics united states air force
10,16,1.40906e+18,21-06-2021 08:04,doyourememberwh,vintage ted williams fishing reel
11,17,1.40906e+18,21-06-2021 07:45,dragonfireuk,reasons you should be investing in your seo
12,18,1.40904e+18,21-06-2021 06:30,JWonEtsy,teal glass wired gold chain necklace with wood bead
13,20,1.40898e+18,21-06-2021 02:46,AveRain13,under  in case if you didn  know the almighty or is just of it  origin from   li  before  so yes   pretty sure  is years advanced in tech than or  need study
14,21,1.40897e+18,21-06-2021 02:16,SridharRaytrace,your mind     has to be stronger than your feelings
15,24,1.40895e+18,21-06-2021 00:58,Schnapp_shots,jesus deleting all of my emails bc didn  sign in for year but keeping my account active is the biggest croc of sh    missed the  window  by months and six days  ughhh
16,26,1.40889e+18,20-06-2021 21:00,dougsymington,the  own the libs  base will be out in full of force  even if it  quite literally in this instance  kills them
17,27,1.40888e+18,20-06-2021 20:17,Prosper_Kenn,will manually audit both your website and your competitor  site and provide you with detailed seo report that include
18,28,1.40888e+18,20-06-2021 20:16,mrparthoseo,will manually audit both your website and your competitor  site and provide you with detailed seo report that includes screenshots  explanations  and recommendations
19,29,1.40886e+18,20-06-2021 18:33,carnivalsathart,carnivals for kids at heart
20,31,1.40882e+18,20-06-2021 16:19,SmitChacha,here is how to on top of such as and with get ton of
21,32,1.40882e+18,20-06-2021 16:06,SmitChacha,here is how to on top of such as and with get ton of to your or for free with an with
22,33,1.40882e+18,20-06-2021 16:03,dnatree,was covered in thorns  you spirit brought me roses
23,34,1.40882e+18,20-06-2021 16:02,ChristianCrush,didnt even know was still around
24,35,1.40882e+18,20-06-2021 15:59,fittertodaybos,happy fourth
25,37,1.40878e+18,20-06-2021 13:51,guext65,cream pearl bead gold stainless steel ring with czs
26,39,1.40878e+18,20-06-2021 13:14,gfernandoamb,learn to fish golden knowledge    to unleash your unlimited  there are three amazing tools for fishing for golden knowledge  gk       and
27,42,1.40877e+18,20-06-2021 12:58,PrivateEyeBlog,bt own fibre optics in uk courtesy of king matthew
28,43,1.40877e+18,20-06-2021 12:52,asuttmiller,if your forces users to create new accounts  rather than using           or other major identity provider  you are probably bouncing new   federated login can increase security and reduce new user friction
29,44,1.40877e+18,20-06-2021 12:51,AkaAmunra,amunra    have to permanently all useless from the mysteriously
30,45,1.40877e+18,20-06-2021 12:51,aka_amunra,have to permanently all useless from the mysteriously
31,47,1.40876e+18,20-06-2021 12:27,JWonEtsy,green quartz chain necklace
32,48,1.40873e+18,20-06-2021 10:26,SmitChacha,did you know you can on the top of such as and get ton of to your
33,49,1.40873e+18,20-06-2021 10:12,SmitChacha,did you know you can on the top of such as and get ton of to your or with all to rank you blog
34,50,1.40873e+18,20-06-2021 10:04,doyourememberwh,kleinert  slip   on with rubber lined shields black small
35,51,1.40869e+18,20-06-2021 07:46,guext65,rainbow quartz stainless steel ring
36,52,1.40867e+18,20-06-2021 06:23,JWonEtsy,amethyst stainless steel ring with gold chain
37,53,1.40865e+18,20-06-2021 04:38,samyakonline,to hire the trained  professional  and experienced designers in india  contact   new delhi  india  to know more   please   us at   or whatsapp
38,54,1.40864e+18,20-06-2021 04:33,edjlazar,humbled  amp  excited to share this with   feel like   dreaming  just went live   top influential women on inst
39,55,1.40864e+18,20-06-2021 04:04,doyourememberwh,glasbake heat resisitant love is another name for mother mug
40,57,1.40861e+18,20-06-2021 02:30,webseoanalytics,tip analyze your webpage  amp  find your optimized keywords
41,58,1.4086e+18,20-06-2021 01:30,archikangupta,how to create email signature in   and mail
42,59,1.4086e+18,20-06-2021 01:20,realmethod41,versus ebay  room to spare
43,60,1.40859e+18,20-06-2021 01:06,eDeathGuide,teenage son discovers his deceased father  ghost car in xbox rally game click here to view original web
44,66,1.40858e+18,20-06-2021 00:03,TechOnDeck212,new opening in team keeper fantasy football league  not dynasty  run on yahoo  st place can win up to
45,67,1.40858e+18,20-06-2021 00:03,TheChameleon777,new opening in team keeper fantasy football league  not dynasty  run on yahoo  st place can win up to     keeper money  nd and rd pay out as well  dm me if interested and if not always appreciate an
46,68,1.40858e+18,20-06-2021 00:00,Buffalo8Pro,check out the bondit fully financed film  gasoline alley  starring and with saban films now handling distribution in north america
47,69,1.40854e+18,19-06-2021 21:27,auteurresearch,can we hear for who will be joining us at the stampede summer stage on wednesday  july   http
48,72,1.40852e+18,19-06-2021 20:29,StoneAgeCrytpo,own   more  eth than  ada   and much much more than either  remember   we all used   until showed up and don  have to tell you who the  college grad  is in this little metaphor
49,74,1.40851e+18,19-06-2021 19:53,Manuel39159824,using the most modern technologies   ai  blockchain and big data  we will radically change the logistics of agriculture and
50,75,1.40851e+18,19-06-2021 19:51,ReleaseI,using the most modern technologies   ai  blockchain and big data  we will radically change the logistics of agriculture and fisheries
51,76,1.40849e+18,19-06-2021 18:14,JWonEtsy,pink quartz stainless steel ring
52,77,1.40847e+18,19-06-2021 17:06,lorenzoreyes_x,happy to announce new project release  argentina forex watch      gather information about the market  currencies  futures  different perspective and send reportshave fun
53,78,1.40847e+18,19-06-2021 16:43,hsgradigital,best brand promotion company in usa
54,79,1.40847e+18,19-06-2021 16:40,hsgradigital,top brand promotion companies in usa
55,80,1.40846e+18,19-06-2021 16:38,hsgradigital,top brand promotion company in usa
56,81,1.40846e+18,19-06-2021 16:36,BuzzandBiz1,here are the reasons why yahoo  failed as company here
57,82,1.40846e+18,19-06-2021 16:36,hsgradigital,brand promotion companies in usa
58,83,1.40846e+18,19-06-2021 16:33,hsgradigital,brand promotion company in usa
59,84,1.40845e+18,19-06-2021 15:35,TechWiings,oh hi folks  today we are gonna talked about the interesting facts of yahooyahoo facts thread
60,85,1.40844e+18,19-06-2021 15:00,YahooSmBusiness,read the full comic here call us
61,86,1.40842e+18,19-06-2021 13:58,CountryClodagh,just reminded gorsey that it  friiidaaaaaay    think he  forgotten        ye haaa
62,88,1.4084e+18,19-06-2021 12:09,JWonEtsy,brown quartz heart chain necklace with pearl bead
63,89,1.40839e+18,19-06-2021 11:58,x3tko,no one loves baseball like jazz chisholm   and the marlins rookie is convinced the game will reciprocate
64,90,1.40839e+18,19-06-2021 11:32,Democraticist,do you care for your privacy  as human being well  stop using etc  as you login mail for anything really get domain and hosting  cheap  package and manage it your self using webmail  gt  gt  gt
65,92,1.40835e+18,19-06-2021 08:43,Mrinal_Da,da  we can  forget you all the time
66,94,1.40831e+18,19-06-2021 06:34,hauspostnews,june     vrbo president on vacation rentals supply   for most peak days there are not enough
67,96,1.4083e+18,19-06-2021 06:04,JWonEtsy,mint green rose stainless steel ring
68,98,1.40829e+18,19-06-2021 05:00,webseoanalytics,submit your site now to   search engines  amp  directories
69,100,1.40828e+18,19-06-2021 04:15,senseifortnite1,yahoo has shut down its answers from may   and users have until june to download their data  yahoo does not mentio
70,101,1.40825e+18,19-06-2021 02:15,JonWill44783402,we ll be brewing our own gas before long
71,102,1.40824e+18,19-06-2021 01:53,BernieBirdDog,has it right messes up again  yahoo hates jacob degrom
72,103,1.40818e+18,18-06-2021 21:59,fittertodaybos,today is kb time  check out our promitions check out our promitions
73,104,1.40814e+18,18-06-2021 19:19,guext65,mix gems stainless steel ring
74,106,1.40814e+18,18-06-2021 18:56,Mrinal_Da,we can  forget you all the time
75,107,1.40814e+18,18-06-2021 18:54,KernBand,the countdown is on  are you as excited as we are
76,109,1.40812e+18,18-06-2021 17:35,PROPHECYandNEWS,nobody sees this but me    news tagged the wrong  ggii and think there will be crash once people find out  big error and nobody sees it  see if you can make some     on this dumb yahoo   sayin   you can thank me with money
77,110,1.40812e+18,18-06-2021 17:31,ReturnOfBlues,rudy giuliani suspended from practicing law in    over false election claims via
78,111,1.40808e+18,18-06-2021 15:00,YahooSmBusiness,it  always important to appreciate your customers and stay connected  it  all the more critical now  learn more
79,112,1.40807e+18,18-06-2021 14:15,calgarystampede,can we hear for who will be joining us at the stampede summer stage on wednesday  july
80,113,1.40806e+18,18-06-2021 13:35,chitteshBMsham,the only good thing about
81,114,1.40804e+18,18-06-2021 12:23,cryptoshib,official changing with world with  cava and community driven charitable missions
82,116,1.40804e+18,18-06-2021 12:20,JWonEtsy,silver flower drop stainless steel earrings
83,118,1.40803e+18,18-06-2021 11:58,Blockchain_exp,bitcoin millionaires aren  what they used to bevia for more trending
84,119,1.40803e+18,18-06-2021 11:44,Artificialbra1n,hewlett packard enterprise acquires determined ai to accelerate artificial intelligence innovation with fast and simple
85,120,1.40802e+18,18-06-2021 11:15,BigBull1029,young people infected with the delta variant were behind the     recent rise in cases
86,121,1.40801e+18,18-06-2021 10:50,chemical_news,boomitra announced seed investment of us  million usd led by yara growth ventures
87,122,1.40799e+18,18-06-2021 08:59,thenewshooked,softbank ceo masayoshi son says he wants to be st century rothschild
88,123,1.40798e+18,18-06-2021 08:43,crypto_gcc,is just like  amp     amp  traditional market    amp    you just still don  get it folks
89,124,1.40796e+18,18-06-2021 07:32,guext65,asian style small cross body bag
90,125,1.40796e+18,18-06-2021 07:26,lbstweets,check out my gig on fiverr  guest post on abilogic da and tf
91,126,1.40795e+18,18-06-2021 06:31,cybertuff,cybr  are managers safe  cybersafety experts weigh in   our ceo speaks on another way to keep your passwor
92,127,1.40795e+18,18-06-2021 06:17,JWonEtsy,puzzle stainless steel chain bracelet
93,129,1.4079e+18,18-06-2021 03:30,webseoanalytics,tip redirect to by using redirection
94,130,1.40788e+18,18-06-2021 01:56,FredNeo90,just strike it  strike  strike
95,131,1.40784e+18,17-06-2021 23:22,yalu103,let  go
96,132,1.40779e+18,17-06-2021 20:15,ingenioustm,is it true that blocked apes from conversations   now suddenly available after market close
97,133,1.40779e+18,17-06-2021 19:38,MirageNewsCom,human rights organizations urge transparency and accountability for
98,134,1.40778e+18,17-06-2021 19:26,guext65,smoky quartz chain necklace
99,135,1.40778e+18,17-06-2021 19:04,doyourememberwh,vintage christmas seal stamps and years stamp  amp
100,138,1.40777e+18,17-06-2021 18:30,webseoanalytics,check your competitors  rankings on  amp  and compare them with yours
101,139,1.40776e+18,17-06-2021 17:51,Royalgaitor,notcapn shows how
102,140,1.40776e+18,17-06-2021 17:38,hsgradigital,no brand promotion agencies in india
103,141,1.40775e+18,17-06-2021 17:35,hsgradigital,no brand promotion agency in india
104,142,1.40775e+18,17-06-2021 17:32,hsgradigital,best brand promotion agencies in india
105,144,1.40775e+18,17-06-2021 17:15,justlynnp,your article does not show the carnage permitted contractors to do until got involved  trans mountain tree cutting can resume as stop work order on pipeline route lifts
106,145,1.40774e+18,17-06-2021 16:40,Mariabella912,never went to the      even after the ask her to  she went to twitter to first for tweet that never mentions  amp  with no time stamp  from an acct that says doesn  exist  something doesn  pass the smell test
107,146,1.40774e+18,17-06-2021 16:27,2tall4u2,she really has been exposed  and frankly anyone who references her in the future needs to ca
108,147,1.40774e+18,17-06-2021 16:24,upstractcom,total  commerce sales during amazon prime day surpass   billion  adobe says
109,148,1.40773e+18,17-06-2021 15:58,MertiumFin,bitcoin millionaires aren  what they used to bevia for more trending crypto and finance news please visit
110,149,1.40772e+18,17-06-2021 15:13,ShrabonAhamme10,need regular buyer who will buy in bulk services from me every day at cheap price  voice mail   bank account  acc skype  live  cid fdbcwhatsapp  wechat  usaseoreviews
111,150,1.40772e+18,17-06-2021 15:13,BlackZorro07,she really has been exposed  and frankly anyone who references her in the future needs to caveat it with  up next we have the recurrent hater who has been outed as liar by    to think that she would fabricate hate mail to frame meg
112,151,1.40772e+18,17-06-2021 15:03,stories_startup,it  said two is better than one
113,153,1.40771e+18,17-06-2021 14:29,LettuceLove2,is anyone else having problems with the app
114,154,1.40771e+18,17-06-2021 14:28,legpac,no from re their and not
115,155,1.40771e+18,17-06-2021 14:26,Cain752,bitcoin fund makes nasdaq dubai debut in first for middle east via
116,156,1.40771e+18,17-06-2021 14:21,AT_CP_Digest,to review deal for   source says
117,157,1.4077e+18,17-06-2021 14:07,MeatBaldelli,is excited about buffalo ny getting socialist mayor  tell me these news outlets aren  chinese controlled  this country is headed for the communists     america
118,158,1.4077e+18,17-06-2021 14:07,legpac,is     better to use or
119,159,1.4077e+18,17-06-2021 13:53,legpac,is     very
120,160,1.4077e+18,17-06-2021 13:51,guext65,pink opal crystal dangle earrings with czs
121,163,1.40769e+18,17-06-2021 13:30,_MrsWanted,we were right  it was another lie  and meghan  fans should sue camilla tominey for libel
122,166,1.40768e+18,17-06-2021 12:30,JWonEtsy,clear quartz chain necklace with wire
123,171,1.40767e+18,17-06-2021 11:45,ShrabonAhamme10,need regular buyer who will buy this from me every day at cheap price  voice mail   any bank account skype  live  cid fdbcwhatsapp  wechat  usaseoreviews
124,173,1.40761e+18,17-06-2021 08:02,upstractcom,bitcoin ticks back up to    after dizzying hours
125,174,1.40759e+18,17-06-2021 06:41,SEMTitans,there are more than search engines  how many do you know  check out the blog to know more  contact us for solutions at info com
126,176,1.40759e+18,17-06-2021 06:27,JWonEtsy,quartz stone wired chain necklace
127,177,1.40758e+18,17-06-2021 05:46,guext65,red cz flower bronze dangle earrings
128,178,1.40757e+18,17-06-2021 05:08,Nekranka1323,ans   jerry yang and david filo
129,182,1.40756e+18,17-06-2021 04:30,SarvOfficial,guess the founders  amp  ceos  quiz
130,183,1.40752e+18,17-06-2021 02:07,averyk26,that being said    will still be celebrating stampede week by dressing like slut in cowboy boots  at home
131,185,1.40747e+18,16-06-2021 22:45,LawrenceTomm,hewlett packard enterprise acquires determined ai to accelerate artificial intelligence innovation with fast and simple machine learning modeling
132,186,1.40746e+18,16-06-2021 21:57,rameesaaqeel,facebook and yahoo  and all these sites are so terrible  the moment hacker hacks an account  changes email address and deletes phone number  there  no way to get it back  and these people don  even support through their help center either
133,187,1.40746e+18,16-06-2021 21:51,NHKCC1,come on down to our stampede breakfast on july th  from     am at marlborough mall  can  wait to see everyone
134,188,1.40744e+18,16-06-2021 21:01,emc2events,our history with the calgary stampede is long and colourful one  over the last years  we have given guests so many unique experiences and love the true reflection of community spirit that this globally recognized event brings to calgary
135,189,1.40744e+18,16-06-2021 20:52,Teelou40,who at is scoping twitter for this content  not even whole hours  but notice  none of the brilliant black american satire gets to be put in the piece  go figure  huh michael   jordan  new rum line sparks controversy via
136,190,1.40744e+18,16-06-2021 20:43,Stereogoddess,is forever in my heart  my first social love after chat rooms then and now twitter lol
137,191,1.40743e+18,16-06-2021 20:03,jasrajshallan,come on down to our stampede breakfast on july th  from     am at marlborough mall  can  wait to see everyone again and resume one of my favourite stampede traditions  we had great time last year and   looking forward to seeing everyone again this year
138,193,1.40741e+18,16-06-2021 19:05,shahada13547237,google pixelbook go   lightweight chromebook laptop
139,194,1.4074e+18,16-06-2021 18:09,RocafortFred,good of to pass along propaganda on   via
140,195,1.4074e+18,16-06-2021 17:59,Cyb3rMik3,am still wondering how come this went through to mailbox  then forwarded it to and it was instantly blocked due to the attachment
141,196,1.40739e+18,16-06-2021 17:33,hsgradigital,best brand promotion agency in india
142,197,1.40739e+18,16-06-2021 17:26,hsgradigital,top brand promotion agencies in india
143,198,1.40739e+18,16-06-2021 17:18,hsgradigital,top brand promotion agency in india
144,199,1.40739e+18,16-06-2021 17:16,MeghanPain,saw this hairstyle at the
145,200,1.40738e+18,16-06-2021 16:45,io_domains,auction for ends in hours
146,201,1.40737e+18,16-06-2021 16:20,JWonEtsy,gems stainless steel dangle earrings
147,202,1.40737e+18,16-06-2021 16:14,PadiyarPrasanna,good morning  shib got listed on yahoo finance
148,204,1.40736e+18,16-06-2021 15:15,JJL87,inbound marketing is focused on getting found by the right people when they are already learning and shopping  learn
149,205,1.40735e+18,16-06-2021 15:09,TravelgirlMag,airbnb offers  once in  lifetime  opportunity to travel anywhere for year
150,206,1.40735e+18,16-06-2021 15:00,YahooSmBusiness,inbound marketing is focused on getting found by the right people when they are already learning and shopping  learn more
151,208,1.40735e+18,16-06-2021 14:33,divinerakau,what  ur preference
152,209,1.40735e+18,16-06-2021 14:30,BigBull1029,six states   colorado  connecticut  montana  arizona  oklahoma and new hampshire   are offering return to work bonuses to unemployed folks who get job  depending on where you live  you could make up to
153,210,1.40734e+18,16-06-2021 14:29,BigBull1029,health experts predict that the    could see surge in coronavirus cases this fall due to that particularly contagious delta variant  the catch  upticks may be more likely in areas with lower vaccination rates
154,211,1.40734e+18,16-06-2021 14:22,upstractcom,dow jones today  stocks wobble ahead of powell testimony  bitcoin dives  splunk  crowdstrike rally
155,212,1.40734e+18,16-06-2021 13:54,NaderAbouHamze1,finance
156,213,1.40733e+18,16-06-2021 13:42,upstractcom,gop ready to block elections bill in senate showdown
157,214,1.40733e+18,16-06-2021 13:25,ABAYUSEF,no one believed   would ever loss the market    where are they now the same will happen with   just matter of time
158,215,1.40733e+18,16-06-2021 13:20,PowercutMusic,com  zbuzzz entertainment of things  join us on facebook for pure entertainment of things
159,217,1.4073e+18,16-06-2021 11:20,guext65,red cz stainless steel stud earrings
160,218,1.40728e+18,16-06-2021 10:30,webseoanalytics,how to optimize  amp  submit your local search listings on
161,219,1.40728e+18,16-06-2021 10:06,JWonEtsy,asian style coin wallet
162,220,1.40727e+18,16-06-2021 09:35,x3tko,marlon vera seeking redemption in davey grant rematch at ufc on espn      going to kick his ass
163,221,1.40726e+18,16-06-2021 08:32,upstractcom,katie thurston  bachelorette contestants unionized to send this schmuck home
164,222,1.40724e+18,16-06-2021 07:19,susangrey63,does anyone still use  rooms read here
165,224,1.40721e+18,16-06-2021 05:32,upstractcom,gerrit cole can be agent of change in mlb  sticky situation  sherman
166,225,1.40721e+18,16-06-2021 05:17,guext65,hamsa hand evil eye key chain   clear
167,226,1.4072e+18,16-06-2021 04:43,ETBrandEquity,guru gowrappan  ceo at verizon media tells the plan for  yahoo   and more
168,228,1.40719e+18,16-06-2021 04:02,JWonEtsy,amethyst asian lock style chain necklace
169,236,1.40715e+18,16-06-2021 01:18,BriggsAlexa,do not infect anyone else but small handful might infect dozens of people  in other words  most sparks of infection do not catch fire  but occasionally single infection might cause an early super spreader event  which ends up seeding major outbreak
170,238,1.40714e+18,16-06-2021 01:11,HitoshiMisaka2,destinations in japan where the locals love to go
171,239,1.40714e+18,16-06-2021 00:40,cjraymusic,it  thought   share my face with you   also  huge thank you to for the love on the  for each other  ep  amp  grant  you guys rock yahoo  finance article
172,244,1.40711e+18,15-06-2021 22:53,JWonEtsy,gems chain bracelet with cz
173,268,1.40707e+18,15-06-2021 20:06,mc_koko_b,hope you know say boys spray pass boys       abi no different
174,270,1.40707e+18,15-06-2021 19:59,fittertodaybos,it  beautiful day to get fitter today
175,273,1.40706e+18,15-06-2021 19:40,BigBull1029,after struggling to lure people back to the skies for the past year  american airlines is cutting one percent of its july flights due to issues handling the sudden surge in travel demand
176,278,1.40706e+18,15-06-2021 19:19,JusticeSadie,wowza  just when you think the    can  be anymore     if  win  tickets to vs real prize would lose my
177,282,1.40704e+18,15-06-2021 18:28,TruckerDougYEG,our tax payer dollars at work
178,286,1.40704e+18,15-06-2021 18:00,news_by_gatfil,ultime news   parole chiave covid day prime live covid prime day india yahoo amazon
179,292,1.40703e+18,15-06-2021 17:23,VicForAlberta,both
180,294,1.40703e+18,15-06-2021 17:22,BugJudy,remember  if you don  win  attendance at stampede remains mandatory if you can  make it to stampede  please arrange
181,295,1.40703e+18,15-06-2021 17:20,VicForAlberta,remember  if you don  win  attendance at stampede remains mandatory if you can  make it to stampede  please arrange to have the delta variant delivered to your house
182,296,1.40702e+18,15-06-2021 17:10,guext65,black cz starship tibetan silver ring
183,297,1.40702e+18,15-06-2021 16:49,JWonEtsy,skulls black leather band bracelet
184,298,1.40701e+18,15-06-2021 16:13,klmfasihi,look at the numbers of vaccine administered today by different media org
185,299,1.40699e+18,15-06-2021 15:04,doyourememberwh,nice hand made baby quilt blanket bedtime dreaming infant quilt
186,300,1.40699e+18,15-06-2021 15:03,jakestwt,free at least
187,301,1.40699e+18,15-06-2021 15:00,JFSebastian146,even small business owners can make choices and take action to help avoid climate change disaster  learn more http
188,302,1.40699e+18,15-06-2021 15:00,YahooSmBusiness,even small business owners can make choices and take action to help avoid climate change disaster  learn more
189,303,1.40697e+18,15-06-2021 13:36,DominoTristan,no cakes for me    aint going to that superspreader event
190,304,1.40696e+18,15-06-2021 13:10,S513_com,zbuzzz entertainment of things  join us on facebook for pure entertainment of things please retweet fbpbg
191,305,1.40695e+18,15-06-2021 12:02,francvs,mobile shuts down after year of launch  users must switch to
192,307,1.40694e+18,15-06-2021 11:48,diglu_music,if you like it
193,308,1.40694e+18,15-06-2021 11:40,BigBull1029,the entire crypto market had lost    of its value over the last hours  according to data provider coinmarketcap
194,309,1.40694e+18,15-06-2021 11:39,BigBull1029,two weeks back  data on consumer prices in may showed the consumer price index jumped by   over the prior year  the biggest jump since   this past week  data on producer prices showed    jump over last year in may  the biggest increase since
195,310,1.40694e+18,15-06-2021 11:38,guext65,amethyst and smoky quartz tibetan silver ring
196,311,1.40694e+18,15-06-2021 11:30,BigBull1029,no sector within the benchmark index cited inflation more often than consumer staples  where   of members discussed price pressures during their calls
197,312,1.40692e+18,15-06-2021 10:20,JWonEtsy,buddha tibetan silver chain necklace
198,313,1.40691e+18,15-06-2021 09:48,life_mystery,people taking control of their lives  amp  knowing what they want to fulfill their financial needs
199,314,1.40691e+18,15-06-2021 09:33,KingOnScene,an and in making his way to with new   new and plans looking to and potentially with
200,315,1.40691e+18,15-06-2021 09:25,LKPSECURITIES,fpis invest rs   cr in indian mkts in june so far     ranganathan
201,316,1.40687e+18,15-06-2021 06:58,SridharRaytrace,good news coming soon
202,317,1.40687e+18,15-06-2021 06:52,StudyVisaAbroad,happy international yoga daystudy visa consultants in jalandhar visible on
203,318,1.40686e+18,15-06-2021 06:12,upstractcom,jon rahm wins us open at torrey pines on his first father  day
204,319,1.40685e+18,15-06-2021 05:48,threader_app,hey ankush  your thread is compiled now  you can read it here
205,320,1.40685e+18,15-06-2021 05:35,guext65,flower thread bronze ring
206,321,1.40684e+18,15-06-2021 05:05,shd_horie,our release project uses the latest technologies such as ai  blockchain and big data to radically change the logistics of agr
207,322,1.40683e+18,15-06-2021 04:30,webseoanalytics,tip optimize each page for or keywords add them in title    mind the keyword density
208,323,1.40683e+18,15-06-2021 04:22,upstractcom,american airlines canceling hundreds of flights through mid july in part due to labor shortages
209,324,1.40682e+18,15-06-2021 03:32,TechMahour,yahoo mobile shutdown after year of launch  users switch on visible
210,325,1.4068e+18,15-06-2021 02:04,doyourememberwh,costume rhinestone guitar brooch pin
211,326,1.40678e+18,15-06-2021 01:04,doyourememberwh,vintage stuffed inch neiman marcus snowman with bag stocking stuffer
212,327,1.40677e+18,15-06-2021 00:07,ibad700,gulf  all starting with going to today
